Date,Pfizer,Moderna
5/3/16,0.2156,NA
5/4/16,0.2168,NA
5/5/16,0.2158,NA
5/6/16,0.2157,NA
5/9/16,0.212,NA
5/10/16,0.212,NA
5/11/16,0.222,NA
5/12/16,0.2158,NA
5/13/16,0.2141,NA
5/16/16,0.2066,NA
5/17/16,0.203,NA
5/18/16,0.1467,NA
5/19/16,0.1468,NA
5/20/16,0.1473,NA
5/23/16,0.1349,NA
5/24/16,0.1385,NA
5/25/16,0.1312,NA
5/26/16,0.1312,NA
5/27/16,0.1301,NA
5/30/16,0.1302,NA
5/31/16,0.1287,NA
6/1/16,0.1262,NA
6/2/16,0.1263,NA
6/3/16,0.1278,NA
6/6/16,0.1284,NA
6/7/16,0.1275,NA
6/8/16,0.1303,NA
6/9/16,0.1295,NA
6/10/16,0.1273,NA
6/13/16,0.1378,NA
6/14/16,0.1168,NA
6/15/16,0.1148,NA
6/16/16,0.1145,NA
6/17/16,0.124,NA
6/20/16,0.1245,NA
6/21/16,0.1259,NA
6/22/16,0.1142,NA
6/23/16,0.1144,NA
6/24/16,0.1274,NA
6/27/16,0.1276,NA
6/28/16,0.1338,NA
6/29/16,0.1405,NA
6/30/16,0.1403,NA
7/1/16,0.14,NA
7/4/16,0.1397,NA
7/5/16,0.1367,NA
7/6/16,0.1356,NA
7/7/16,0.1361,NA
7/8/16,0.1378,NA
7/11/16,0.1378,NA
7/12/16,0.1378,NA
7/13/16,0.1378,NA
7/14/16,0.1445,NA
7/15/16,0.1441,NA
7/18/16,0.1441,NA
7/19/16,0.1437,NA
7/20/16,0.1405,NA
7/21/16,0.1405,NA
7/22/16,0.1404,NA
7/25/16,0.1309,NA
7/26/16,0.13,NA
7/27/16,0.1281,NA
7/28/16,0.1293,NA
7/29/16,0.1192,NA
8/1/16,0.1209,NA
8/2/16,0.1438,NA
8/3/16,0.1694,NA
8/4/16,0.1697,NA
8/5/16,0.1616,NA
8/8/16,0.1671,NA
8/9/16,0.159,NA
8/10/16,0.1518,NA
8/11/16,0.1509,NA
8/12/16,0.1484,NA
8/15/16,0.1489,NA
8/16/16,0.1493,NA
8/17/16,0.1525,NA
8/18/16,0.1526,NA
8/19/16,0.1502,NA
8/22/16,0.1503,NA
8/23/16,0.1519,NA
8/24/16,0.1528,NA
8/25/16,0.143,NA
8/26/16,0.1432,NA
8/29/16,0.146,NA
8/30/16,0.1467,NA
8/31/16,0.1464,NA
9/1/16,0.1463,NA
9/2/16,0.1467,NA
9/5/16,0.1465,NA
9/6/16,0.1463,NA
9/7/16,0.1466,NA
9/8/16,0.1464,NA
9/9/16,0.1517,NA
9/12/16,0.1559,NA
9/13/16,0.1481,NA
9/14/16,0.1214,NA
9/15/16,0.1229,NA
9/16/16,0.1205,NA
9/19/16,0.1161,NA
9/20/16,0.1163,NA
9/21/16,0.124,NA
9/22/16,0.1242,NA
9/23/16,0.1242,NA
9/26/16,0.1333,NA
9/27/16,0.1328,NA
9/28/16,0.1299,NA
9/29/16,0.1405,NA
9/30/16,0.1493,NA
10/3/16,0.1496,NA
10/4/16,0.1478,NA
10/5/16,0.1477,NA
10/6/16,0.1489,NA
10/7/16,0.1488,NA
10/10/16,0.1463,NA
10/11/16,0.1503,NA
10/12/16,0.1503,NA
10/13/16,0.1519,NA
10/14/16,0.1513,NA
10/17/16,0.1514,NA
10/18/16,0.1531,NA
10/19/16,0.1526,NA
10/20/16,0.1526,NA
10/21/16,0.1476,NA
10/24/16,0.1376,NA
10/25/16,0.1312,NA
10/26/16,0.1321,NA
10/27/16,0.1308,NA
10/28/16,0.1378,NA
10/31/16,0.1372,NA
11/1/16,0.1455,NA
11/2/16,0.1403,NA
11/3/16,0.1525,NA
11/4/16,0.1527,NA
11/7/16,0.1546,NA
11/8/16,0.1543,NA
11/9/16,0.2589,NA
11/10/16,0.2821,NA
11/11/16,0.2885,NA
11/14/16,0.2887,NA
11/15/16,0.2887,NA
11/16/16,0.2886,NA
11/17/16,0.2886,NA
11/18/16,0.2891,NA
11/21/16,0.2893,NA
11/22/16,0.2875,NA
11/23/16,0.2878,NA
11/24/16,0.2869,NA
11/25/16,0.2883,NA
11/28/16,0.2882,NA
11/29/16,0.29,NA
11/30/16,0.2908,NA
12/1/16,0.297,NA
12/2/16,0.296,NA
12/5/16,0.296,NA
12/6/16,0.2956,NA
12/7/16,0.297,NA
12/8/16,0.2974,NA
12/9/16,0.3028,NA
12/12/16,0.3086,NA
12/13/16,0.304,NA
12/14/16,0.3003,NA
12/15/16,0.2899,NA
12/16/16,0.2899,NA
12/19/16,0.2886,NA
12/20/16,0.2851,NA
12/21/16,0.2123,NA
12/22/16,0.1725,NA
12/23/16,0.1544,NA
12/26/16,0.1533,NA
12/27/16,0.1527,NA
12/28/16,0.1515,NA
12/29/16,0.1501,NA
12/30/16,0.1479,NA
1/2/17,0.1478,NA
1/3/17,0.1516,NA
1/4/17,0.1529,NA
1/5/17,0.1544,NA
1/6/17,0.1542,NA
1/9/17,0.1531,NA
1/10/17,0.1503,NA
1/11/17,0.16,NA
1/12/17,0.1478,NA
1/13/17,0.1476,NA
1/16/17,0.1475,NA
1/17/17,0.1539,NA
1/18/17,0.1495,NA
1/19/17,0.1508,NA
1/20/17,0.1337,NA
1/23/17,0.1198,NA
1/24/17,0.1147,NA
1/25/17,0.116,NA
1/26/17,0.1161,NA
1/27/17,0.1167,NA
1/30/17,0.1168,NA
1/31/17,0.1244,NA
2/1/17,0.1186,NA
2/2/17,0.1188,NA
2/3/17,0.1229,NA
2/6/17,0.1237,NA
2/7/17,0.1242,NA
2/8/17,0.1234,NA
2/9/17,0.1247,NA
2/10/17,0.1247,NA
2/13/17,0.1269,NA
2/14/17,0.1187,NA
2/15/17,0.134,NA
2/16/17,0.1315,NA
2/17/17,0.131,NA
2/20/17,0.1309,NA
2/21/17,0.1309,NA
2/22/17,0.1187,NA
2/23/17,0.1221,NA
2/24/17,0.1222,NA
2/27/17,0.1221,NA
2/28/17,0.1142,NA
3/1/17,0.1154,NA
3/2/17,0.1089,NA
3/3/17,0.1092,NA
3/6/17,0.1052,NA
3/7/17,0.1059,NA
3/8/17,0.1068,NA
3/9/17,0.1065,NA
3/10/17,0.1064,NA
3/13/17,0.1051,NA
3/14/17,0.1004,NA
3/15/17,0.103,NA
3/16/17,0.1061,NA
3/17/17,0.1042,NA
3/20/17,0.1041,NA
3/21/17,0.1036,NA
3/22/17,0.1043,NA
3/23/17,0.1054,NA
3/24/17,0.1093,NA
3/27/17,0.1082,NA
3/28/17,0.1081,NA
3/29/17,0.0877,NA
3/30/17,0.0874,NA
3/31/17,0.0885,NA
4/3/17,0.0885,NA
4/4/17,0.0887,NA
4/5/17,0.0898,NA
4/6/17,0.0809,NA
4/7/17,0.079,NA
4/10/17,0.0791,NA
4/11/17,0.0785,NA
4/12/17,0.0738,NA
4/13/17,0.0733,NA
4/14/17,0.0732,NA
4/17/17,0.073,NA
4/18/17,0.0678,NA
4/19/17,0.0702,NA
4/20/17,0.0701,NA
4/21/17,0.0702,NA
4/24/17,0.0709,NA
4/25/17,0.0701,NA
4/26/17,0.0605,NA
4/27/17,0.0587,NA
4/28/17,0.0585,NA
5/1/17,0.0591,NA
5/2/17,0.0598,NA
5/3/17,0.0568,NA
5/4/17,0.0553,NA
5/5/17,0.0506,NA
5/8/17,0.0475,NA
5/9/17,0.0477,NA
5/10/17,0.0524,NA
5/11/17,0.0523,NA
5/12/17,0.0516,NA
5/15/17,0.053,NA
5/16/17,0.0666,NA
5/17/17,0.0719,NA
5/18/17,0.072,NA
5/19/17,0.0768,NA
5/22/17,0.081,NA
5/23/17,0.0812,NA
5/24/17,0.0811,NA
5/25/17,0.0825,NA
5/26/17,0.0824,NA
5/29/17,0.0811,NA
5/30/17,0.0808,NA
5/31/17,0.0942,NA
6/1/17,0.0935,NA
6/2/17,0.0941,NA
6/5/17,0.0943,NA
6/6/17,0.0964,NA
6/7/17,0.0955,NA
6/8/17,0.0968,NA
6/9/17,0.1371,NA
6/12/17,0.1369,NA
6/13/17,0.1366,NA
6/14/17,0.1368,NA
6/15/17,0.1374,NA
6/16/17,0.1383,NA
6/19/17,0.1402,NA
6/20/17,0.1433,NA
6/21/17,0.142,NA
6/22/17,0.1426,NA
6/23/17,0.1426,NA
6/26/17,0.1431,NA
6/27/17,0.1369,NA
6/28/17,0.1318,NA
6/29/17,0.1325,NA
6/30/17,0.1315,NA
7/3/17,0.1277,NA
7/4/17,0.1277,NA
7/5/17,0.1287,NA
7/6/17,0.1349,NA
7/7/17,0.135,NA
7/10/17,0.135,NA
7/11/17,0.1372,NA
7/12/17,0.1297,NA
7/13/17,0.1297,NA
7/14/17,0.129,NA
7/17/17,0.1288,NA
7/18/17,0.1257,NA
7/19/17,0.1266,NA
7/20/17,0.124,NA
7/21/17,0.0867,NA
7/24/17,0.0877,NA
7/25/17,0.0894,NA
7/26/17,0.0911,NA
7/27/17,0.091,NA
7/28/17,0.0909,NA
7/31/17,0.0882,NA
8/1/17,0.0829,NA
8/2/17,0.0782,NA
8/3/17,0.0897,NA
8/4/17,0.0913,NA
8/7/17,0.0948,NA
8/8/17,0.0923,NA
8/9/17,0.0937,NA
8/10/17,0.0932,NA
8/11/17,0.0942,NA
8/14/17,0.092,NA
8/15/17,0.0923,NA
8/16/17,0.0911,NA
8/17/17,0.0909,NA
8/18/17,0.0931,NA
8/21/17,0.0933,NA
8/22/17,0.0979,NA
8/23/17,0.0981,NA
8/24/17,0.098,NA
8/25/17,0.0981,NA
8/28/17,0.097,NA
8/29/17,0.0966,NA
8/30/17,0.0939,NA
8/31/17,0.1021,NA
9/1/17,0.1019,NA
9/4/17,0.1007,NA
9/5/17,0.0997,NA
9/6/17,0.0983,NA
9/7/17,0.0982,NA
9/8/17,0.0978,NA
9/11/17,0.0991,NA
9/12/17,0.129,NA
9/13/17,0.1314,NA
9/14/17,0.1348,NA
9/15/17,0.139,NA
9/18/17,0.1351,NA
9/19/17,0.1355,NA
9/20/17,0.1404,NA
9/21/17,0.1404,NA
9/22/17,0.1388,NA
9/25/17,0.1456,NA
9/26/17,0.1475,NA
9/27/17,0.1474,NA
9/28/17,0.1411,NA
9/29/17,0.1371,NA
10/2/17,0.1388,NA
10/3/17,0.1364,NA
10/4/17,0.1383,NA
10/5/17,0.1381,NA
10/6/17,0.138,NA
10/9/17,0.138,NA
10/10/17,0.1385,NA
10/11/17,0.138,NA
10/12/17,0.1348,NA
10/13/17,0.135,NA
10/16/17,0.1394,NA
10/17/17,0.1384,NA
10/18/17,0.1427,NA
10/19/17,0.1452,NA
10/20/17,0.1454,NA
10/23/17,0.1451,NA
10/24/17,0.1189,NA
10/25/17,0.116,NA
10/26/17,0.1087,NA
10/27/17,0.1049,NA
10/30/17,0.1101,NA
10/31/17,0.1101,NA
11/1/17,0.1017,NA
11/2/17,0.1033,NA
11/3/17,0.1037,NA
11/6/17,0.0989,NA
11/7/17,0.0974,NA
11/8/17,0.0967,NA
11/9/17,0.0964,NA
11/10/17,0.0959,NA
11/13/17,0.0912,NA
11/14/17,0.0913,NA
11/15/17,0.0903,NA
11/16/17,0.092,NA
11/17/17,0.0929,NA
11/20/17,0.0925,NA
11/21/17,0.0913,NA
11/22/17,0.0913,NA
11/23/17,0.0911,NA
11/24/17,0.0914,NA
11/27/17,0.0872,NA
11/28/17,0.0905,NA
11/29/17,0.0902,NA
11/30/17,0.0841,NA
12/1/17,0.0831,NA
12/4/17,0.0863,NA
12/5/17,0.0922,NA
12/6/17,0.092,NA
12/7/17,0.0859,NA
12/8/17,0.0875,NA
12/11/17,0.0865,NA
12/12/17,0.0897,NA
12/13/17,0.0888,NA
12/14/17,0.0896,NA
12/15/17,0.1052,NA
12/18/17,0.103,NA
12/19/17,0.1049,NA
12/20/17,0.1129,NA
12/21/17,0.1138,NA
12/22/17,0.1143,NA
12/25/17,0.1141,NA
12/26/17,0.114,NA
12/27/17,0.1142,NA
12/28/17,0.1133,NA
12/29/17,0.1128,NA
1/1/18,0.1127,NA
1/2/18,0.113,NA
1/3/18,0.1139,NA
1/4/18,0.1139,NA
1/5/18,0.1139,NA
1/8/18,0.1194,NA
1/9/18,0.1163,NA
1/10/18,0.1129,NA
1/11/18,0.113,NA
1/12/18,0.1128,NA
1/15/18,0.1102,NA
1/16/18,0.1037,NA
1/17/18,0.1118,NA
1/18/18,0.1131,NA
1/19/18,0.1122,NA
1/22/18,0.1064,NA
1/23/18,0.1029,NA
1/24/18,0.1032,NA
1/25/18,0.1044,NA
1/26/18,0.1603,NA
1/29/18,0.16,NA
1/30/18,0.1861,NA
1/31/18,0.1918,NA
2/1/18,0.1917,NA
2/2/18,0.1924,NA
2/5/18,0.2493,NA
2/6/18,0.255,NA
2/7/18,0.2556,NA
2/8/18,0.2781,NA
2/9/18,0.283,NA
2/12/18,0.2869,NA
2/13/18,0.2874,NA
2/14/18,0.2874,NA
2/15/18,0.2909,NA
2/16/18,0.2946,NA
2/19/18,0.2929,NA
2/20/18,0.2935,NA
2/21/18,0.2941,NA
2/22/18,0.2939,NA
2/23/18,0.2972,NA
2/26/18,0.3045,NA
2/27/18,0.3054,NA
2/28/18,0.3042,NA
3/1/18,0.3084,NA
3/2/18,0.3098,NA
3/5/18,0.3103,NA
3/6/18,0.3107,NA
3/7/18,0.3105,NA
3/8/18,0.3132,NA
3/9/18,0.2809,NA
3/12/18,0.2809,NA
3/13/18,0.2669,NA
3/14/18,0.2624,NA
3/15/18,0.2627,NA
3/16/18,0.2626,NA
3/19/18,0.21,NA
3/20/18,0.2046,NA
3/21/18,0.2028,NA
3/22/18,0.1738,NA
3/23/18,0.194,NA
3/26/18,0.1949,NA
3/27/18,0.1935,NA
3/28/18,0.1939,NA
3/29/18,0.1897,NA
3/30/18,0.184,NA
4/2/18,0.1871,NA
4/3/18,0.194,NA
4/4/18,0.1964,NA
4/5/18,0.1991,NA
4/6/18,0.1994,NA
4/9/18,0.1887,NA
4/10/18,0.1926,NA
4/11/18,0.1893,NA
4/12/18,0.1859,NA
4/13/18,0.1843,NA
4/16/18,0.1845,NA
4/17/18,0.1841,NA
4/18/18,0.1845,NA
4/19/18,0.1788,NA
4/20/18,0.1777,NA
4/23/18,0.1777,NA
4/24/18,0.1785,NA
4/25/18,0.1782,NA
4/26/18,0.1778,NA
4/27/18,0.1775,NA
4/30/18,0.1765,NA
5/1/18,0.2018,NA
5/2/18,0.2056,NA
5/3/18,0.1991,NA
5/4/18,0.1766,NA
5/7/18,0.1706,NA
5/8/18,0.1707,NA
5/9/18,0.1697,NA
5/10/18,0.1692,NA
5/11/18,0.1736,NA
5/14/18,0.1718,NA
5/15/18,0.1647,NA
5/16/18,0.1604,NA
5/17/18,0.1572,NA
5/18/18,0.1501,NA
5/21/18,0.1489,NA
5/22/18,0.1435,NA
5/23/18,0.1444,NA
5/24/18,0.1378,NA
5/25/18,0.1387,NA
5/28/18,0.1374,NA
5/29/18,0.1367,NA
5/30/18,0.1393,NA
5/31/18,0.1395,NA
6/1/18,0.1418,NA
6/4/18,0.1421,NA
6/5/18,0.1404,NA
6/6/18,0.1374,NA
6/7/18,0.137,NA
6/8/18,0.1372,NA
6/11/18,0.1369,NA
6/12/18,0.0941,NA
6/13/18,0.0828,NA
6/14/18,0.082,NA
6/15/18,0.0828,NA
6/18/18,0.0851,NA
6/19/18,0.0851,NA
6/20/18,0.0857,NA
6/21/18,0.0861,NA
6/22/18,0.0798,NA
6/25/18,0.0759,NA
6/26/18,0.0743,NA
6/27/18,0.0758,NA
6/28/18,0.0766,NA
6/29/18,0.0766,NA
7/2/18,0.0758,NA
7/3/18,0.0753,NA
7/4/18,0.0729,NA
7/5/18,0.0827,NA
7/6/18,0.0816,NA
7/9/18,0.0815,NA
7/10/18,0.0832,NA
7/11/18,0.0822,NA
7/12/18,0.0837,NA
7/13/18,0.0808,NA
7/16/18,0.081,NA
7/17/18,0.083,NA
7/18/18,0.0826,NA
7/19/18,0.0865,NA
7/20/18,0.0857,NA
7/23/18,0.0804,NA
7/24/18,0.0878,NA
7/25/18,0.0891,NA
7/26/18,0.0889,NA
7/27/18,0.0893,NA
7/30/18,0.0869,NA
7/31/18,0.1267,NA
8/1/18,0.1272,NA
8/2/18,0.1367,NA
8/3/18,0.1475,NA
8/6/18,0.148,NA
8/7/18,0.1498,NA
8/8/18,0.1503,NA
8/9/18,0.1559,NA
8/10/18,0.1558,NA
8/13/18,0.1569,NA
8/14/18,0.1577,NA
8/15/18,0.1586,NA
8/16/18,0.1559,NA
8/17/18,0.1597,NA
8/20/18,0.1595,NA
8/21/18,0.161,NA
8/22/18,0.1594,NA
8/23/18,0.1589,NA
8/24/18,0.1586,NA
8/27/18,0.1712,NA
8/28/18,0.1716,NA
8/29/18,0.1716,NA
8/30/18,0.1686,NA
8/31/18,0.1684,NA
9/3/18,0.1675,NA
9/4/18,0.1664,NA
9/5/18,0.1676,NA
9/6/18,0.1682,NA
9/7/18,0.1691,NA
9/10/18,0.1701,NA
9/11/18,0.1426,NA
9/12/18,0.1413,NA
9/13/18,0.1336,NA
9/14/18,0.1201,NA
9/17/18,0.1161,NA
9/18/18,0.1179,NA
9/19/18,0.1146,NA
9/20/18,0.1127,NA
9/21/18,0.113,NA
9/24/18,0.113,NA
9/25/18,0.1133,NA
9/26/18,0.1112,NA
9/27/18,0.1108,NA
9/28/18,0.1027,NA
10/1/18,0.1024,NA
10/2/18,0.1014,NA
10/3/18,0.1061,NA
10/4/18,0.1069,NA
10/5/18,0.1069,NA
10/8/18,0.087,NA
10/9/18,0.0859,NA
10/10/18,0.1109,NA
10/11/18,0.1628,NA
10/12/18,0.1741,NA
10/15/18,0.1808,NA
10/16/18,0.1869,NA
10/17/18,0.1884,NA
10/18/18,0.193,NA
10/19/18,0.1935,NA
10/22/18,0.1935,NA
10/23/18,0.1943,NA
10/24/18,0.2243,NA
10/25/18,0.231,NA
10/26/18,0.2375,NA
10/29/18,0.2414,NA
10/30/18,0.24,NA
10/31/18,0.2398,NA
11/1/18,0.2411,NA
11/2/18,0.245,NA
11/5/18,0.2484,NA
11/6/18,0.2505,NA
11/7/18,0.2673,NA
11/8/18,0.2695,NA
11/9/18,0.2708,NA
11/12/18,0.2707,NA
11/13/18,0.2734,NA
11/14/18,0.2729,NA
11/15/18,0.274,NA
11/16/18,0.2745,NA
11/19/18,0.2773,NA
11/20/18,0.2797,NA
11/21/18,0.2746,NA
11/22/18,0.2503,NA
11/23/18,0.2414,NA
11/26/18,0.2377,NA
11/27/18,0.2365,NA
11/28/18,0.239,NA
11/29/18,0.2386,NA
11/30/18,0.2406,NA
12/3/18,0.241,NA
12/4/18,0.2469,NA
12/5/18,0.2191,NA
12/6/18,0.2116,NA
12/7/18,0.2161,NA
12/10/18,0.2143,0
12/11/18,0.2147,0.5995
12/12/18,0.2146,0.6408
12/13/18,0.2125,0.5237
12/14/18,0.2127,0.4891
12/17/18,0.2143,0.6371
12/18/18,0.2169,0.5884
12/19/18,0.1959,0.5819
12/20/18,0.1933,0.5607
12/21/18,0.1905,0.5816
12/24/18,0.2112,0.5524
12/25/18,0.2089,0.5396
12/26/18,0.2384,0.52
12/27/18,0.242,0.6676
12/28/18,0.2412,0.6474
12/31/18,0.2416,0.7283
1/1/19,0.2377,0.7068
1/2/19,0.2375,0.6881
1/3/19,0.2513,0.6734
1/4/19,0.2602,0.744
1/7/19,0.2603,0.7363
1/8/19,0.2559,0.736
1/9/19,0.2495,0.7273
1/10/19,0.2539,0.7129
1/11/19,0.2526,0.7072
1/14/19,0.254,0.6939
1/15/19,0.2514,0.6806
1/16/19,0.254,0.6695
1/17/19,0.2558,0.6579
1/18/19,0.2474,0.6513
1/21/19,0.2449,0.65
1/22/19,0.2443,0.6685
1/23/19,0.2439,0.6694
1/24/19,0.2542,0.6685
1/25/19,0.2509,0.6711
1/28/19,0.2585,0.6444
1/29/19,0.2728,0.6462
1/30/19,0.278,0.6415
1/31/19,0.2845,0.6853
2/1/19,0.2859,0.6566
2/4/19,0.2693,0.6484
2/5/19,0.2706,0.6637
2/6/19,0.2456,0.6642
2/7/19,0.2449,0.661
2/8/19,0.2478,0.6643
2/11/19,0.2453,0.6325
2/12/19,0.2459,0.6355
2/13/19,0.245,0.637
2/14/19,0.232,0.655
2/15/19,0.2242,0.6515
2/18/19,0.2235,0.6352
2/19/19,0.2235,0.6371
2/20/19,0.2249,0.6418
2/21/19,0.2141,0.6502
2/22/19,0.2179,0.649
2/25/19,0.2151,0.6855
2/26/19,0.2138,0.7227
2/27/19,0.2093,0.7552
2/28/19,0.2097,0.7557
3/1/19,0.2097,0.7583
3/4/19,0.2108,0.7793
3/5/19,0.2104,0.7437
3/6/19,0.2221,0.7335
3/7/19,0.2076,0.7319
3/8/19,0.2095,0.7318
3/11/19,0.1962,0.7285
3/12/19,0.1763,0.7564
3/13/19,0.1681,0.7571
3/14/19,0.1664,0.7221
3/15/19,0.1691,0.7248
3/18/19,0.1668,0.7247
3/19/19,0.1689,0.7635
3/20/19,0.1685,0.752
3/21/19,0.1629,0.7351
3/22/19,0.1625,0.7225
3/25/19,0.158,0.7242
3/26/19,0.1616,0.7234
3/27/19,0.1636,0.7295
3/28/19,0.1636,0.7113
3/29/19,0.1614,0.6713
4/1/19,0.1633,0.6724
4/2/19,0.1628,0.6792
4/3/19,0.1603,0.7058
4/4/19,0.1605,0.7326
4/5/19,0.1513,0.7986
4/8/19,0.1514,0.7747
4/9/19,0.1527,0.7364
4/10/19,0.1528,0.7028
4/11/19,0.1529,0.7139
4/12/19,0.157,0.7259
4/15/19,0.1589,0.7172
4/16/19,0.1774,0.7623
4/17/19,0.179,0.7554
4/18/19,0.1797,0.7675
4/19/19,0.177,0.7665
4/22/19,0.172,0.7734
4/23/19,0.175,0.7573
4/24/19,0.1731,0.7593
4/25/19,0.1665,0.7531
4/26/19,0.1629,0.7448
4/29/19,0.1644,0.7578
4/30/19,0.1784,0.7126
5/1/19,0.179,0.7087
5/2/19,0.1794,0.7184
5/3/19,0.1788,0.7299
5/6/19,0.1798,0.7308
5/7/19,0.1843,0.7951
5/8/19,0.183,0.7997
5/9/19,0.1827,0.8005
5/10/19,0.1822,0.8172
5/13/19,0.1798,0.8206
5/14/19,0.1799,0.8162
5/15/19,0.1842,0.7891
5/16/19,0.1881,0.7568
5/17/19,0.1872,0.6722
5/20/19,0.1871,0.6557
5/21/19,0.1865,0.6559
5/22/19,0.188,0.6599
5/23/19,0.1856,0.6554
5/24/19,0.1815,0.6495
5/27/19,0.1795,0.6304
5/28/19,0.1588,0.5871
5/29/19,0.1387,0.5874
5/30/19,0.1323,0.5754
5/31/19,0.1361,0.5827
6/3/19,0.1331,0.5748
6/4/19,0.1313,0.556
6/5/19,0.1313,0.59
6/6/19,0.1311,0.5938
6/7/19,0.1299,0.5869
6/10/19,0.1249,0.6467
6/11/19,0.1101,0.6385
6/12/19,0.1123,0.6405
6/13/19,0.12,0.5862
6/14/19,0.1185,0.5889
6/17/19,0.1176,0.6003
6/18/19,0.1001,0.551
6/19/19,0.1028,0.545
6/20/19,0.0987,0.5453
6/21/19,0.0987,0.4875
6/24/19,0.0971,0.4943
6/25/19,0.0974,0.4918
6/26/19,0.1094,0.4931
6/27/19,0.1081,0.5181
6/28/19,0.1075,0.529
7/1/19,0.1105,0.5322
7/2/19,0.1132,0.5298
7/3/19,0.1121,0.5713
7/4/19,0.1118,0.5701
7/5/19,0.1177,0.5629
7/8/19,0.1261,0.5696
7/9/19,0.126,0.5895
7/10/19,0.1317,0.5875
7/11/19,0.1522,0.5883
7/12/19,0.1552,0.5853
7/15/19,0.1546,0.5797
7/16/19,0.1534,0.5792
7/17/19,0.1528,0.5211
7/18/19,0.1535,0.5222
7/19/19,0.1541,0.5201
7/22/19,0.1538,0.4163
7/23/19,0.1524,0.4178
7/24/19,0.1505,0.4563
7/25/19,0.1459,0.493
7/26/19,0.1476,0.4969
7/29/19,0.1854,0.4967
7/30/19,0.2633,0.4989
7/31/19,0.2607,0.5006
8/1/19,0.2621,0.4986
8/2/19,0.2615,0.4946
8/5/19,0.269,0.4892
8/6/19,0.269,0.4876
8/7/19,0.2669,0.5071
8/8/19,0.2658,0.4942
8/9/19,0.2668,0.4909
8/12/19,0.2689,0.4935
8/13/19,0.264,0.4956
8/14/19,0.2678,0.4704
8/15/19,0.2705,0.4701
8/16/19,0.2731,0.4841
8/19/19,0.2803,0.4718
8/20/19,0.2804,0.4857
8/21/19,0.2754,0.4816
8/22/19,0.2733,0.4822
8/23/19,0.2759,0.4832
8/26/19,0.2794,0.5308
8/27/19,0.2789,0.5377
8/28/19,0.2907,0.5402
8/29/19,0.2906,0.5424
8/30/19,0.2929,0.5494
9/2/19,0.2927,0.549
9/3/19,0.2975,0.5659
9/4/19,0.2975,0.547
9/5/19,0.3032,0.5046
9/6/19,0.3012,0.4937
9/9/19,0.287,0.4827
9/10/19,0.2235,0.5046
9/11/19,0.2235,0.5474
9/12/19,0.2196,0.5498
9/13/19,0.2206,0.5435
9/16/19,0.2057,0.526
9/17/19,0.2073,0.5299
9/18/19,0.2055,0.5211
9/19/19,0.2044,0.5192
9/20/19,0.2006,0.5192
9/23/19,0.1877,0.5143
9/24/19,0.188,0.5142
9/25/19,0.1684,0.5088
9/26/19,0.1682,0.5361
9/27/19,0.1709,0.5383
9/30/19,0.1679,0.5373
10/1/19,0.166,0.5622
10/2/19,0.176,0.5617
10/3/19,0.1859,0.562
10/4/19,0.1779,0.5631
10/7/19,0.174,0.5207
10/8/19,0.1718,0.5129
10/9/19,0.162,0.5553
10/10/19,0.161,0.5501
10/11/19,0.162,0.5385
10/14/19,0.1626,0.5385
10/15/19,0.1569,0.5236
10/16/19,0.1555,0.5127
10/17/19,0.1504,0.5193
10/18/19,0.1498,0.5179
10/21/19,0.1474,0.5351
10/22/19,0.1403,0.506
10/23/19,0.1432,0.4939
10/24/19,0.1458,0.4901
10/25/19,0.1466,0.4925
10/28/19,0.1518,0.489
10/29/19,0.1644,0.4776
10/30/19,0.1645,0.4779
10/31/19,0.165,0.4814
11/1/19,0.1647,0.5151
11/4/19,0.1628,0.5579
11/5/19,0.1679,0.5583
11/6/19,0.1675,0.564
11/7/19,0.177,0.5946
11/8/19,0.1741,0.5881
11/11/19,0.1725,0.5886
11/12/19,0.1667,0.5499
11/13/19,0.1569,0.5503
11/14/19,0.1458,0.5499
11/15/19,0.1515,0.5638
11/18/19,0.1512,0.5631
11/19/19,0.1494,0.5617
11/20/19,0.1576,0.5117
11/21/19,0.1652,0.5109
11/22/19,0.1687,0.5087
11/25/19,0.1697,0.5229
11/26/19,0.173,0.5208
11/27/19,0.1733,0.5166
11/28/19,0.1733,0.5158
11/29/19,0.1738,0.5164
12/2/19,0.1752,0.5183
12/3/19,0.1765,0.5501
12/4/19,0.175,0.5299
12/5/19,0.172,0.5359
12/6/19,0.1708,0.5965
12/9/19,0.1667,0.5975
12/10/19,0.1513,0.5973
12/11/19,0.1512,0.5987
12/12/19,0.153,0.5951
12/13/19,0.1538,0.5567
12/16/19,0.1626,0.523
12/17/19,0.1574,0.5234
12/18/19,0.1573,0.5029
12/19/19,0.1456,0.4612
12/20/19,0.1462,0.4639
12/23/19,0.1454,0.4641
12/24/19,0.1456,0.4559
12/25/19,0.1412,0.4547
12/26/19,0.1408,0.4547
12/27/19,0.1314,0.4306
12/30/19,0.1358,0.4362
12/31/19,0.1333,0.4429
1/1/20,0.1226,0.4256
1/2/20,0.1123,0.428
1/3/20,0.1053,0.4234
1/6/20,0.1023,0.4284
1/7/20,0.0982,0.4267
1/8/20,0.0976,0.4287
1/9/20,0.0985,0.4358
1/10/20,0.1072,0.453
1/13/20,0.1056,0.4757
1/14/20,0.1125,0.4236
1/15/20,0.1188,0.4255
1/16/20,0.1183,0.4312
1/17/20,0.1182,0.3511
1/20/20,0.1183,0.3496
1/21/20,0.1194,0.3514
1/22/20,0.1178,0.3709
1/23/20,0.1207,0.3771
1/24/20,0.1377,0.3819
1/27/20,0.1267,0.4303
1/28/20,0.1969,0.4346
1/29/20,0.2011,0.5072
1/30/20,0.204,0.498
1/31/20,0.2034,0.5001
2/3/20,0.2047,0.5
2/4/20,0.2055,0.5043
2/5/20,0.2095,0.5186
2/6/20,0.2095,0.519
2/7/20,0.2099,0.6843
2/10/20,0.2086,0.679
2/11/20,0.2088,0.746
2/12/20,0.2101,0.8214
2/13/20,0.2182,0.82
2/14/20,0.2197,0.8184
2/17/20,0.2198,0.8091
2/18/20,0.22,0.8069
2/19/20,0.2179,0.8064
2/20/20,0.2191,0.8062
2/21/20,0.2124,0.799
2/24/20,0.2256,0.7825
2/25/20,0.2221,1.06
2/26/20,0.2296,1.2059
2/27/20,0.2322,1.2523
2/28/20,0.2356,1.2508
3/2/20,0.2747,1.309
3/3/20,0.2768,1.3294
3/4/20,0.3342,1.3262
3/5/20,0.3369,1.3234
3/6/20,0.3337,1.3278
3/9/20,0.3441,1.4442
3/10/20,0.3263,1.4645
3/11/20,0.3817,1.4506
3/12/20,0.4237,1.4605
3/13/20,0.5008,1.4653
3/16/20,0.5454,1.5929
3/17/20,0.5817,1.5998
3/18/20,0.5803,1.6199
3/19/20,0.602,1.6591
3/20/20,0.6128,1.6023
3/23/20,0.6133,1.6131
3/24/20,0.6291,1.5851
3/25/20,0.6297,1.5464
3/26/20,0.6624,1.5469
3/27/20,0.6652,1.5558
3/30/20,0.6883,1.5551
3/31/20,0.6883,1.557
4/1/20,0.6918,1.5581
4/2/20,0.7006,1.5791
4/3/20,0.7046,1.5774
4/6/20,0.7044,1.5794
4/7/20,0.7064,1.4541
4/8/20,0.7083,1.3329
4/9/20,0.7092,1.2922
4/10/20,0.7063,1.2915
4/13/20,0.696,1.2301
4/14/20,0.7017,1.2189
4/15/20,0.6815,1.231
4/16/20,0.6772,1.2503
4/17/20,0.6807,1.3009
4/20/20,0.6751,1.1551
4/21/20,0.6732,1.1305
4/22/20,0.6376,1.1279
4/23/20,0.5993,1.1413
4/24/20,0.5523,1.1259
4/27/20,0.4933,0.9957
4/28/20,0.4672,0.9898
4/29/20,0.4671,0.9565
4/30/20,0.4217,0.8856
5/1/20,0.3969,0.8866
5/4/20,0.3898,0.861
5/5/20,0.3803,0.8585
5/6/20,0.3806,0.8584
5/7/20,0.3679,0.8774
5/8/20,0.3552,0.9006
5/11/20,0.3275,0.9441
5/12/20,0.3348,0.977
5/13/20,0.3233,0.9733
5/14/20,0.3159,0.9434
5/15/20,0.312,0.9408
5/18/20,0.3044,1.0441
5/19/20,0.2927,1.0751
5/20/20,0.2831,1.0742
5/21/20,0.279,1.121
5/22/20,0.2793,1.1186
5/25/20,0.2781,1.1208
5/26/20,0.2587,1.2614
5/27/20,0.2556,1.2945
5/28/20,0.2611,1.2845
5/29/20,0.2491,1.2528
6/1/20,0.3244,1.2243
6/2/20,0.3273,1.2207
6/3/20,0.3234,1.217
6/4/20,0.3215,1.1924
6/5/20,0.3163,1.189
6/8/20,0.3111,1.1781
6/9/20,0.3109,1.1794
6/10/20,0.3108,1.1757
6/11/20,0.3754,1.1748
6/12/20,0.3765,1.1725
6/15/20,0.377,1.1798
6/16/20,0.3685,1.1828
6/17/20,0.3693,1.184
6/18/20,0.3533,1.1643
6/19/20,0.3529,1.1256
6/22/20,0.3439,1.0716
6/23/20,0.3414,1.0549
6/24/20,0.3435,1.0504
6/25/20,0.3344,1.0581
6/26/20,0.3345,1.0536
6/29/20,0.3395,0.8998
6/30/20,0.3397,0.8545
7/1/20,0.3552,0.8569
7/2/20,0.3626,0.8293
7/3/20,0.3617,0.8235
7/6/20,0.3617,0.8246
7/7/20,0.363,0.6477
7/8/20,0.3633,0.5707
7/9/20,0.3565,0.5636
7/10/20,0.3591,0.4969
7/13/20,0.3154,0.6333
7/14/20,0.3099,0.6301
7/15/20,0.3128,0.6523
7/16/20,0.3127,0.6529
7/17/20,0.3172,0.7471
7/20/20,0.3141,0.8688
7/21/20,0.3129,0.871
7/22/20,0.3425,0.8705
7/23/20,0.2521,0.9271
7/24/20,0.2603,0.9304
7/27/20,0.2571,0.9415
7/28/20,0.2758,0.9345
7/29/20,0.2758,0.9367
7/30/20,0.2777,0.9394
7/31/20,0.2798,0.9502
8/3/20,0.2778,0.9559
8/4/20,0.2743,0.9503
8/5/20,0.2658,0.9553
8/6/20,0.2675,0.9488
8/7/20,0.2641,0.9473
8/10/20,0.2623,0.9524
8/11/20,0.2692,0.9582
8/12/20,0.259,0.9492
8/13/20,0.2542,0.9394
8/14/20,0.2546,0.9402
8/17/20,0.2547,0.9401
8/18/20,0.2495,0.9455
8/19/20,0.2477,0.946
8/20/20,0.2456,0.9341
8/21/20,0.2449,0.9294
8/24/20,0.2214,0.84
8/25/20,0.2252,0.8312
8/26/20,0.2254,0.8279
8/27/20,0.2258,0.8295
8/28/20,0.2207,0.6904
8/31/20,0.2205,0.5863
9/1/20,0.232,0.5868
9/2/20,0.1812,0.5834
9/3/20,0.1905,0.5162
9/4/20,0.1829,0.5191
9/7/20,0.1828,0.4397
9/8/20,0.1417,0.5767
9/9/20,0.1422,0.6005
9/10/20,0.1431,0.6027
9/11/20,0.1485,0.6034
9/14/20,0.1688,0.622
9/15/20,0.1687,0.6417
9/16/20,0.1688,0.643
9/17/20,0.1687,0.6398
9/18/20,0.1681,0.646
9/21/20,0.1737,0.6415
9/22/20,0.1704,0.6296
9/23/20,0.1646,0.6325
9/24/20,0.165,0.6344
9/25/20,0.1676,0.6595
9/28/20,0.1686,0.6605
9/29/20,0.1689,0.6495
9/30/20,0.1755,0.6484
10/1/20,0.1722,0.6492
10/2/20,0.1713,0.6485
10/5/20,0.175,0.6558
10/6/20,0.1777,0.6553
10/7/20,0.1786,0.6326
10/8/20,0.1821,0.6233
10/9/20,0.182,0.6226
10/12/20,0.182,0.6149
10/13/20,0.168,0.6159
10/14/20,0.166,0.62
10/15/20,0.1553,0.6222
10/16/20,0.1892,0.6159
10/19/20,0.1898,0.6304
10/20/20,0.1878,0.4564
10/21/20,0.1904,0.4657
10/22/20,0.1861,0.4731
10/23/20,0.1913,0.4689
10/26/20,0.179,0.4278
10/27/20,0.1834,0.4055
10/28/20,0.2419,0.4501
10/29/20,0.2421,0.5072
10/30/20,0.2426,0.5258
11/2/20,0.2459,0.5255
11/3/20,0.2453,0.5321
11/4/20,0.2601,0.5283
11/5/20,0.2705,0.5235
11/6/20,0.2696,0.4923
11/9/20,0.3431,0.53
11/10/20,0.3453,0.535
11/11/20,0.3438,0.5806
11/12/20,0.3511,0.6021
11/13/20,0.3596,0.5981
11/16/20,0.3733,0.6363
11/17/20,0.3734,0.6569
11/18/20,0.3733,0.6756
11/19/20,0.3724,0.6835
11/20/20,0.374,0.6941
11/23/20,0.3745,0.6951
11/24/20,0.3745,0.6964
11/25/20,0.3746,0.7416
11/26/20,0.3734,0.7388
11/27/20,0.3617,0.8331
11/30/20,0.3699,0.9422
12/1/20,0.376,0.9888
12/2/20,0.3839,0.9702
12/3/20,0.389,0.991
12/4/20,0.3863,1.0009
12/7/20,0.3886,0.9983
12/8/20,0.3923,1.0013
12/9/20,0.3558,1.0095
12/10/20,0.3552,1.002
12/11/20,0.3609,0.9743
12/14/20,0.3906,0.9764
12/15/20,0.3935,1.0032
12/16/20,0.3923,1.041
12/17/20,0.3835,1.044
12/18/20,0.3851,1.0536
12/21/20,0.3221,1.0482
12/22/20,0.3237,1.0924
12/23/20,0.3278,1.0772
12/24/20,0.3191,1.0858
12/25/20,0.3091,1.0861
12/28/20,0.2941,1.1058
12/29/20,0.2902,1.0953
12/30/20,0.2906,1.0889
12/31/20,0.2904,1.1015
1/1/21,0.2876,1.0925
1/4/21,0.2872,1.1049
1/5/21,0.2887,1.1045
1/6/21,0.2898,1.0796
1/7/21,0.2901,1.0802
1/8/21,0.2849,0.9846
1/11/21,0.2767,0.8209
1/12/21,0.2662,0.816
1/13/21,0.2433,0.8142
1/14/21,0.2396,0.7729
1/15/21,0.2381,0.7696
1/18/21,0.2259,0.7551
1/19/21,0.2007,0.7301
1/20/21,0.1976,0.6989
1/21/21,0.1979,0.7262
1/22/21,0.1963,0.7256
1/25/21,0.1602,0.805
1/26/21,0.1568,0.7967
1/27/21,0.1652,0.7689
1/28/21,0.1661,0.7594
1/29/21,0.1648,0.7865
2/1/21,0.1638,0.8382
2/2/21,0.1692,0.785
2/3/21,0.1578,0.7885
2/4/21,0.1581,0.772
2/5/21,0.1582,0.7714
2/8/21,0.1554,0.7007
2/9/21,0.1546,0.7161
2/10/21,0.154,0.7058
2/11/21,0.1549,0.6666
2/12/21,0.1578,0.6662
2/15/21,0.1578,0.6523
2/16/21,0.1536,0.6555
2/17/21,0.1541,0.6446
2/18/21,0.1542,0.6609
2/19/21,0.1537,0.6549
2/22/21,0.1423,0.7189
2/23/21,0.139,0.73
2/24/21,0.1381,0.7399
2/25/21,0.1388,0.7329
2/26/21,0.1402,0.7408
3/1/21,0.1424,0.7412
3/2/21,0.1421,0.7637
3/3/21,0.1645,0.8358
3/4/21,0.1647,0.8173
3/5/21,0.1658,0.8161
3/8/21,0.1526,0.7638
3/9/21,0.1531,0.7781
3/10/21,0.1387,0.7731
3/11/21,0.1368,0.8074
3/12/21,0.1384,0.7671
3/15/21,0.1443,0.7373
3/16/21,0.1318,0.7773
3/17/21,0.1311,0.7809
3/18/21,0.1311,0.775
3/19/21,0.1329,0.7748
3/22/21,0.1373,0.756
3/23/21,0.1475,0.7695
3/24/21,0.1472,0.7731
3/25/21,0.1443,0.7701
3/26/21,0.1492,0.7699
3/29/21,0.1513,0.7923
3/30/21,0.1579,0.7951
3/31/21,0.1574,0.8602
4/1/21,0.1541,0.8572
4/2/21,0.1535,0.85
4/5/21,0.1522,0.8141
4/6/21,0.1499,0.8043
4/7/21,0.1496,0.7992
4/8/21,0.1496,0.7975
4/9/21,0.1518,0.8023
4/12/21,0.153,0.8004
4/13/21,0.151,0.8043
4/14/21,0.1354,0.7518
4/15/21,0.1355,0.7521
4/16/21,0.15,0.7713
4/19/21,0.15,0.7597
4/20/21,0.1501,0.7541
4/21/21,0.1495,0.7806
4/22/21,0.166,0.7529
4/23/21,0.166,0.7507
4/26/21,0.1635,0.7428
4/27/21,0.1632,0.7123
4/28/21,0.1641,0.6952
4/29/21,0.1655,0.6838
4/30/21,0.1632,0.684
5/3/21,0.179,0.6902